Customer_ID,Customer_Name,Gender,Age,State,City,Tenure_Months,Subscription_Type,Monthly_Charges,Total_Charges,Contract_Type,Payment_Method,Internet_Service,Tech_Support,Senior_Citizen,Dependents,Churn,Last_Interaction_Date
C1000,Abhishek Jaiswal,Female,35,Maharashtra,Pune,58,basic,1614.26,93273.08,One Year,UPI,Fiber,Yes,No,Yes,No,12-10-2025
C1001,Rohit Kumar,Male,,Delhi,Noida,36,Premium,429.6,15858.6,Two Year,Cash,DSL,Yes,Yes,No,No,05-03-2026
C1002,Pooja Singh,Female,42,UP,Kanpur,13,Basic,555.03,6869.39,Month-to-Month,Debit Card,5G,No,No,No,Yes,20-02-2026
C1003,NULL,Male,59,Karnataka,Bengaluru,55,Standard,,101349.1,Two Year,UPI,5G,No,No,Yes,No,07-06-2026
C1004,Mohit Arora, male ,26,Gujarat,Ahmedabad,6,Premium,314.02,1926.12,One Year,Debit Card,Cable,Yes,No,No,No,02-04-2026
C1005,Sneha Jain,Female,115,Gujarat,Surat,1,NULL,1633.64,1707.64,Two Year,Debit Card,Cable,No,No,Yes,No,13-03-2026
C1006,Neha Verma,Female,18,Delhi ,Noida,70,Standard,2008.83,140376.1,Month-to-Month,UPI,DSL,Yes,No,No,No,26-12-2025
C1007,Vikas Yadav,Male,61,Delhi, ,57,Basic,2196.18,125145.26,One Year,Cash,Cable,Yes,Yes,Yes,No,14-01-2025
C1008,Mohit Arora,Male,45,Gujarat,Ahmedabad,63,BASIC,1200,75799.15,Two Year,NULL,Fiber,Yes,No,No,No,28-02-2025
C1009,Rahul Singh,Male,25,UP,Kanpur,30,Basic,1341.52,NULL,Month-to-Month,Credit Card,Cable,No,No,Yes,No,29-11-2025
C1010,Anjali Mehta,Male,60,Delhi,Delhi,12,Standard,934.28,11411.36,Two Year,Credit Card,DSL,No,Yes,No,YES,03-10-2025
C1011,Amit Sharma,Male,,UP,Lucknow,69,Premium,1623.7,112278.3,Month-to-Month,Credit Card,Fiber,Yes,Yes,Yes,No,32/13/2025
C1012,Priya Gupta,Female,35,Maharashtra,Mumbai,18,Basic,1722.85,NULL,One Year,Cash,DSL,Yes,No,NULL,Yes,27-09-2025
C1013,Neha Verma,Male,3,Gujarat,Surat,57,Premium,2143.68,122650.76,One Year,Debit Card,Cable,No,No,No,No,09-04-2025
C1014,Rahul Singh,Male,41,Karnataka,Mysuru,16,Premium,2226.93,35184.88,Two Year,Net Banking,Cable,Yes,No,No,No,05-10-2025
C1015,Pooja Singh,Male,50,Delhi,Noida,16,Basic,576.03,9489.48,One Year,Cash,5G,No,No,No,No,01-01-2026
C1016,Priya Gupta,Female,120,Karnataka,Mysuru,19,Standard,1295.83,24158.77,One Year,Net Banking,5G,No,No,Yes,Yes,12-01-2026
C1017,Abhishek Jaiswal,Female,,Gujarat,Ahmedabad,48,Basic,1975.23,-94534.04,Month-to-Month,Credit Card,Fiber,,No,No,No,13-08-2025
C1018,Amit Sharma,NULL,41,Gujarat,Ahmedabad,48,Premium,2328.32,111299.36,Month-to-Month,Net Banking,Fiber,Yes,No,Yes,No,04-06-2025
C1019,Anjali Mehta,Male,24,UP,Lucknow,22,Standard,1151.22,25000.84,One Year,Cash,Cable,No,No,Yes,No,05-07-2025
C1020,Pooja Singh,Female,22,UP,Lucknow,19,Premium,1983.04,38142.76,Month-to-Month,Net Banking,5G,NULL,No,Yes,No,27-03-2025
C1021,Rohit Kumar,Female,33,Maharashtra,Mumbai,38,Premium,1294.6,49635.8,One Year,UPI,DSL,Yes,No,Yes,No,26-03-2026
C1022,Pooja Singh,Male,4,Gujarat,Ahmedabad,70,Basic,1260.16,88678.2,One Year,Net Banking,DSL,No,No,No,Yes,27-06-2026
C1023,Sneha Jain,Male,48,Delhi,Noida,62,Basic,430.43,27043.66,Two Year,Credit Card,Cable,No,No,No,No,05-10-2025
C1024,Rahul Singh,Female,69,Delhi,Noida,60,Standard,536.7,32345,Two Year,Net Banking,Fiber,No,Yes,No,No,22-01-2026
C1025,Anjali Mehta,Male,70,NULL,Delhi,42,NULL,1516.78,64151.76,Month-to-Month,UPI,Cable,Yes,Yes,Yes,No,06-03-2026
C1026,Priya Gupta,Female,60,Delhi,Delhi,46,Basic,2261.95,103560.7,Month-to-Month,Credit Card,Fiber,Yes,Yes,No,No,29-04-2026
C1027,Rahul Singh,Male,5,UP,Kanpur,58,Premium,1441.72,84097.76,Month-to-Month,Credit Card,5G,Yes,No,No,No,12-06-2026
C1028,Pooja Singh,Male,18,Delhi,Noida,34,Standard,2345.77,80107.18,Month-to-Month,Credit Card,Cable,Yes,No,Yes,No,17-08-2025
C1029,Mohit Arora,Female,25,Gujarat,Surat,63,Premium,2453.94,154710.22,Month-to-Month,Debit Card,Fiber,Yes,No,Yes,No,02-08-2025
C1030,Pooja Singh,Female,40,Delhi,Noida,35,Premium,1875.48,65975.8,Month-to-Month,Credit Card  ,Fiber,No,No,Yes,Yes,16-01-2025
C1031,Abhishek Jaiswal   ,Male,37,UP,NULL,23,Premium ,1555.38,35431.74,One Year,Debit Card,Fiber,Yes,No,No,Yes,26-06-2026
C1032,Vikas Yadav,Male,19,UP,Lucknow,71,Standard,575.49,40687.79,One Year,Credit Card,Fiber,Yes,No,Yes,No,25-04-2026
C1033,Vikas Yadav,Male,37,UP,Kanpur,28,Premium,1848.11,52054.08,Month-to-Month,Cash,Fiber,No,No,Yes,No,04-01-2026
C1034,Amit Sharma,Male,29,Karnataka,Bengaluru,38,Standard,1399.37,52996.06,Month-to-Month,Cash,DSL,Yes,No,Yes,No,18-04-2026
C1035,Rahul Singh,Female,38,Karnataka,Bengaluru,57,Basic ,1576.89,89544.73,Month-to-Month,Cash,Fiber,Yes,No,No,No,07-12-2025
C1036,Rohit Kumar,Male,48,UP,Kanpur,70,Premium,1285.52,-89554.4,Month-to-Month,UPI,Cable,No,No ,No,No,04-04-2025
C1037,Rahul Singh,Male,18,Gujarat,Ahmedabad,72,Standard,546.66,38971.52,Month-to-Month,Debit Card,Fiber,Yes,No,No,No,21-09-2025
C1038,Rohit Kumar,Male,21,Delhi,Delhi,1,Standard,1028.83,684.83,Two Year,UPI,Cable,,No,No,No,29-04-2026
C1039,Pooja Singh,Female,68,Karnataka,Mysuru,16,Standard,1242.87,19725.92,One Year,Net Banking,Fiber,No,Yes,No,Yes,12-06-2026
C1040,Pooja Singh,Female,28,UP,Lucknow,29,Standard,1076.14,30815.06,Two Year,Debit Card,Fiber,Yes,No,No,No,17-07-2025
C1041,Vikas Yadav,Male,36,Delhi,Delhi,71,Premium,1432.25,101365.75,One Year,Debit Card,Fiber,No,No,Yes,No,16-10-2025
C1042,Vikas Yadav,Female,23,Delhi,Noida,50,Basic,1652.97,82739.5,Month-to-Month,Credit Card,DSL,Yes,No,Yes,yes,29-01-2026
C1043,Vikas Yadav,Male,41,UP,Kanpur,5,Basic,1807.65,8698.25,Month-to-Month,Credit Card,DSL,No,No,No,No,01-06-2026
C1044,Neha Verma,Female,44,UP,Kanpur,59,Basic,1165.44,69124.96,Two Year,Cash,DSL,No,No,No,No,06-10-2025
C1045,Rahul Singh,Female,58,Gujarat,Ahmedabad,72,Basic,1255.14,90083.08,One Year,Credit Card,DSL,Yes,No,No,No,16-11-2025
C1046,Sneha Jain,Female,140,Maharashtra,Pune,62,Basic,,34002.48,Two Year,Cash,DSL,Yes,No,Yes,No,01-09-2025
C1047,Amit Sharma,Male,25,UP,Lucknow,68,Premium,2331.64,158350.52,Month-to-Month,Cash,DSL,Yes,No,Yes,No,21-01-2025
C1048,Neha Verma,Male,19,Delhi,Noida,59,Standard,1596.9,93810.1,Two Year,Cash,5G,No,No,Yes,Yes,25-01-2026
C1049,Priya Gupta,Male,47,Delhi,Noida,14,Standard,2176.11,30072.54,Month-to-Month,Debit Card,Cable,No,No,Yes,Yes,17-05-2026
C1050,Rohit Kumar,Male,67,Delhi,Noida,6,Basic,762.85,4522.1,Two Year,Debit Card,Fiber,Yes,Yes,Yes,Yes,21-01-2026
C1051,Vikas Yadav,Male,38,UP,Kanpur,43,Basic,1877.95,80340.85,Month-to-Month,Credit Card,DSL,No,No,Yes,No,31-01-2025
C1052,Anjali Mehta,Female,18,UP,Lucknow,32,Basic,1509.63,47870.16,Month-to-Month,Credit Card,Fiber,Yes,No,No,No,03-03-2026
C1053,Rohit Kumar,Female,53,Delhi,Noida,64,Standard,1819.81,116719.84,One Year,Cash,DSL,Yes,No,No,No,18-01-2025
C1054,Vikas Yadav,Female,66,UP,Lucknow,56,Standard,577.72,31887.32,One Year,Cash,Fiber,No,Yes,No,No,06-06-2026
C1055,Anjali Mehta,Female,27,Maharashtra,Pune,50,Basic,1480.57,74322.5,Month-to-Month,Debit Card,5G,Yes,No,No,No,24-03-2026
C1056,Anjali Mehta,Female,41,Delhi,Noida,67,NULL,2193.44,146941.48,Month-to-Month,Cash,Fiber,No,No,Yes,No,11-06-2025
C1057,Rahul Singh,Female,23,Delhi,Delhi,72,Premium,1766.91,126942.52,NULL,Cash,5G,No,No,No,No,27-04-2026
C1058,Rohit Kumar,Male,35,Karnataka,Bengaluru,37,Premium,1024.67,37591.79,Month-to-Month,UPI,5G,Yes,No,No,No,13-04-2026
C1059,Amit Sharma,Male,18,Delhi,Noida,24,Standard,390.5,9177,Two Year,Net Banking,Fiber,No,No,No,No,28-02-2026
C1060,Amit Sharma,Female,32,UP,Lucknow,45,Basic,700.1,31958.5,Month-to-Month,Debit Card,Fiber,No,No,No,No,01-09-2025
C1061,Priya Gupta,Female,42,Maharashtra,Mumbai,26,Premium,1712.42,44409.92,Two Year,Cash,DSL,Yes,No,No,No,07-02-2026
C1062,Anjali Mehta,Female,24,Karnataka,Bengaluru,48,Basic,2130.32,102490.36,One Year,Net Banking,5G,Yes,No,No,No,13-06-2026
C1063,Rohit Kumar,Female,53,UP,Kanpur,51,Premium,590.33,29652.83,Two Year,Net Banking,Cable,Yes,No,No,Yes,12-02-2025
C1064,Rahul Singh,Female,38,Maharashtra,Pune,51,Standard,333.92,16912.92,Month-to-Month,Debit Card,Fiber,No,No,Yes,No,25-02-2025
C1065,Rohit Kumar,Female,56,UP,Kanpur,8,Premium,1113.89,8413.12,One Year,UPI,Cable,Yes,No,No,No,03-06-2025
C1066,Anjali Mehta,Female,44,Gujarat,Surat,43,Standard,1235.63,53324.09,Two Year,UPI,5G,No,No,No,No,01-05-2026
C1067,Amit Sharma,Female,68,Maharashtra,Mumbai,34,Premium,2145.38,73102.92,Month-to-Month,Debit Card,DSL,No,Yes,Yes,No,23-05-2025
C1068,Anjali Mehta,Female,37,Gujarat,Surat,53,Standard,2027.78,107901.34,One Year,Credit Card,5G,No,No,No,Yes,16-02-2026
C1069,Amit Sharma,Male,34,Gujarat,Ahmedabad,26,Premium,1706.82,44309.32,Month-to-Month,Credit Card,5G,No,No,No,No,15-04-2026
C1070,Rahul Singh,Male,60,Maharashtra,Mumbai,45,Premium,606.69,27490.05,Month-to-Month,Credit Card,Cable,Yes,Yes,Yes,Yes,30-04-2026
C1071,Neha Verma,Female,50,Maharashtra,Mumbai,54,Basic,792.34,42902.36,Two Year,Net Banking,DSL,No,No,Yes,No,26-03-2025
C1072,Priya Gupta,Male,18,Maharashtra,Pune,2,NULL,1914.24,3962.48,Two Year,UPI,NULL,Yes,No,Yes,Yes,11-03-2025
C1073,Rahul Singh,Female,53,Delhi,Noida,42,Premium,1016.66,42546.72,Month-to-Month,Debit Card,DSL,No,NULL,No,No,14-08-2025
C1074,Priya Gupta,Female,50,Gujarat,Surat,62,Basic,1084.76,67614.12,Two Year,UPI,DSL,Yes,No,No,No,27-02-2026
C1075,Priya Gupta,Female,137,Maharashtra,Mumbai ,66,Premium,700.29,45741.14,Month-to-Month ,Debit Card,DSL,Yes,No,No,No,05-03-2026
C1076,NULL,Male,61,Maharashtra,Pune,66,Premium,1782.03,118083.98,Two Year,Cash,5G,No,Yes,No,No,01-12-2025
C1077,Pooja Singh,Male,63,Karnataka,Mysuru,50,Basic,808.04,39950,Month-to-Month,Credit Card,DSL,Yes,Yes,No,No,06-06-2026
C1078,Mohit Arora,Female,,Gujarat,Ahmedabad,5,Premium,1068.8,5360,One Year,Debit Card,Fiber,Yes,Yes,Yes,Yes,16-06-2026
C1079,Pooja Singh,Male,54,Karnataka,Bengaluru,43,Premium,486.43,20870.49,One Year,Credit Card,DSL,Yes,No,No,No,28-02-2025
C1080,Mohit Arora,Male,34,UP,Kanpur,8,Standard,1479.85,11944.8,One Year,Net Banking,5G,Yes,No,Yes,No,11-01-2025
C1081,Sneha Jain,Male,50,Maharashtra,Mumbai,66,Standard,,131972.34,Month-to-Month,Cash,Fiber,Yes,No,No,No,30-03-2025
C1082,Rahul Singh,Female,65,UP,Lucknow,52,Premium,1360.44,70857.88,Two Year,UPI,Fiber,No,Yes,No,No,19-10-2025
C1083,Mohit Arora,Female,22,Karnataka,Mysuru,10,Premium,875.38,9010.8,Month-to-Month,Net Banking,5G,No,No,No,No,06-06-2025
C1084,Mohit Arora,Female,49,UP,Lucknow,2,Standard,751.95,1048.9,Month-to-Month,Credit Card,Fiber,Yes,No,Yes,Yes,04-07-2026
C1085,Priya Gupta,Male,47,Delhi,Delhi,14,Premium,2119.36,29976.04,Month-to-Month,Debit Card,Cable,No,No,No,Yes,13-03-2025
C1086,Priya Gupta,Female,33,Gujarat,Ahmedabad,42,Premium,417.27,17157.34,Two Year,Net Banking,Fiber,Yes,No,No,Yes,20-08-2025
C1087,Rahul Singh,Female,38,Gujarat,Surat,10,Premium,900.38,8859.8,Month-to-Month,UPI,5G,Yes,No,Yes,No,27-04-2025
C1088,Amit Sharma,Female,56,Gujarat,Surat,46,Standard,709.87,33031.02,Month-to-Month,Cash,Fiber,No,No,Yes,No,29-01-2025
C1089,Mohit Arora,Male,25,Gujarat,Ahmedabad,42,Standard,1715.32,71947.44,Month-to-Month,Cash,DSL,No,No,No,No,29-10-2025
C1090,Neha Verma,Male,70,Delhi,Delhi,61,Standard,1119.21,68133.81,Month-to-Month,Net Banking,Cable,Yes,Yes,No,No,07-05-2025
C1091,Rahul Singh,Female,48,Delhi,Noida,64,Basic,1543.84,98351.76,Month-to-Month,Net Banking,Fiber,No,No,No,No,13-03-2025
C1092,Neha Verma,Female,67,Maharashtra,Mumbai,10,Standard,509.92,4964.2,One Year,UPI,5G,Yes,Yes,No,No,09-06-2026
C1093,Amit Sharma,Female,62,Karnataka,Bengaluru,41,Standard,758.27,30984.07,Two Year,Credit Card,Cable,Yes,Yes,No,No,05-08-2025
C1094,Amit Sharma,Male,63,Maharashtra,Mumbai,43,Premium,2331.74,-99781.82,One Year,Cash,Fiber,No,Yes,No,No,19-12-2025
C1095,Sneha Jain,Male,48,Maharashtra,Mumbai,4,Basic,775.18,2679.72,Month-to-Month,Debit Card,Cable,Yes,No,No,No,24-03-2026
C1096,Mohit Arora,Male,63,UP,Kanpur,67,Standard,2353.78,157251.26,One Year,UPI,Cable,No,Yes,No,Yes,23-02-2025
C1097,Rohit Kumar,Female,65,UP,Lucknow,60,Basic,-1042.36,62577.6,One Year,UPI,5G,Yes,Yes,Yes,No,30-01-2025
C1098,Priya Gupta,Female,18,Karnataka,Bengaluru,56,Premium,2239.13,125314.28,Two Year,Debit Card,DSL,No,No,Yes,No,15-02-2026
C1099,Pooja Singh,Male,20,UP,Kanpur,11,Standard,2290.44,25458.84,Two Year,Cash,Cable,Yes,No,Yes,No,06-04-2025
C1100,Rahul Singh,Female,41,Delhi,Delhi,24,Basic,371.78,8651.72,One Year,Net Banking,Cable,Yes,No,Yes,No,16-02-2025
C1101,Pooja Singh,Female,34,UP,Lucknow,52,Basic,2077.34,108053.68,Two Year,Credit Card,DSL,No,No,No,No,18-09-2025
C1102,Pooja Singh,Female,20,Delhi,Delhi,25,Basic,1807.77,44944.25,Month-to-Month,UPI,DSL,Yes,No,Yes,No,20-11-2025
C1103,Priya Gupta,Female,50,Maharashtra,Pune,59,Basic,2464.82,145842.38,Two Year,Credit Card,Fiber,Yes,No,No,Yes,29-09-2025
C1104,Amit Sharma,Male,19,Gujarat,Ahmedabad,13,Standard,546.27,7475.51,One Year,UPI,Fiber,No,No,No,No,17-02-2025
C1105,Rahul Singh,Male,26,Delhi,Delhi,62,Premium,1763.01,109271.62,Month-to-Month,Credit Card,Cable,Yes,No,Yes,No,05-07-2025
C1106,Sneha Jain,Male,60,UP,Kanpur,54,Basic,858.13,45930.02,Month-to-Month,NULL,Fiber,No,Yes,Yes,No,04-06-2025
C1107,Amit Sharma,Female,43,Delhi,Noida,44,Standard,607.01,27040.44,One Year,UPI,Fiber,Yes,No,No,No,18-02-2026
C1108,Vikas Yadav,Male,70,NULL,Ahmedabad,10,Standard,314.1,3107,Two Year,Debit Card,Fiber,Yes,Yes,No,No,20-10-2025
C1109,Rohit Kumar,Female,69,Maharashtra,Mumbai,17,Basic,881.44,14910.48,Two Year,UPI,DSL,NULL,Yes,No,No,21-02-2025
C1110,Mohit Arora,Female,31,UP,Lucknow,8,Basic,2387.6,18668.8,Two Year,Credit Card,DSL,No,No,No,No,13-07-2025
C1111,Rohit Kumar,Male,28,UP,Kanpur,57,Standard,1828.15,104316.55,One Year,UPI,Fiber,No,No,Yes,No,28-11-2025
C1112,Rahul Singh,Male,21,UP,Kanpur,53,Basic,2452.14,129717.42,Month-to-Month,Credit Card,Fiber,Yes,No,Yes,No,15-09-2025
C1113,Anjali Mehta,Male,43,NULL,Pune,71,Standard,2417.73,171429.83,One Year,UPI,DSL,No,No,No,No,17-09-2025
C1114,Vikas Yadav,Male,21,Delhi,Noida,47,Premium,1641.88,77403.36,One Year,UPI,DSL,Yes,No,No,No,26-06-2026
C1115,Neha Verma,Female,57,UP,Kanpur,7,Basic,720.13,4742.91,One Year,Cash,DSL,Yes,No,No,No,03-03-2026
C1116,Pooja Singh,Female,30,Delhi,Noida,42,Standard,1936.24,81236.08,Two Year,UPI,DSL,No,No,Yes,Yes,25-02-2026
C1117,Amit Sharma,Female,26,Gujarat,Ahmedabad,62,Premium,,135306.04,Month-to-Month,UPI,5G,Yes,No,Yes,No,03-03-2025
C1118,Priya Gupta,Female,34,Gujarat,Ahmedabad,51,Standard,1492.43,75871.93,One Year,Debit Card,5G,No,No,No,No,09-06-2025
C1119,Rahul Singh,Female,42,Delhi,Delhi,6,Basic,2286.88,13809.28,One Year,Credit Card,5G,Yes,No,Yes,No,04-05-2026
C1120,Neha Verma,Female,33,Gujarat,Surat,27,Basic,2228.8,60300.6,Month-to-Month,UPI,Fiber,No,No,Yes,Yes,19-02-2025
C1121,Rohit Kumar,Male,50,Gujarat,Surat,55,Basic,338.94,19006.7,Month-to-Month,Credit Card,5G,No,No,Yes,No,03-07-2025
C1122,Sneha Jain,Female,121,Gujarat,Ahmedabad,28,Basic,1295.88,35988.64,One Year,Net Banking,Cable,Yes,No,Yes,No,23-03-2025
C1123,Amit Sharma,Female,28,Gujarat,Ahmedabad,57,Basic,-1621.45,92655.65,Month-to-Month,Cash,Cable,No,No,Yes,Yes,08-01-2026
C1124,Vikas Yadav,Male,57,Maharashtra,Pune,21,Standard,2362.83,49519.43,Two Year,Credit Card,5G,Yes,No,Yes,No,24-01-2025
C1125,Neha Verma,Female,39,UP,Lucknow,36,Standard,2488.31,89368.16,Month-to-Month,Cash,Fiber,No,No,Yes,No,02-05-2026
C1126,Rahul Singh,Male,22,Delhi,Delhi,28,Standard,-680.31,-18976.68,One Year,Debit Card,Cable,,No,No,Yes,08-12-2025
C1127,Mohit Arora,Female,34,Gujarat,Surat,3,Premium,1174.29,3875.87,Two Year,UPI,Cable,Yes,No,No,Yes,09-03-2026
C1128,Sneha Jain,Male,50,Delhi,Noida,26,Premium,440.22,11457.72,One Year,Credit Card,Fiber,No,No,Yes,No,25-05-2026
C1129,Pooja Singh ,Female,53,UP,Kanpur,49,Standard,1433,70355,Two Year,Debit Card,Cable,No,No,No,No,04-02-2025
C1130,Sneha Jain,Male,51,Maharashtra,Mumbai,34,Premium,1541.67,51966.78,Month-to-Month,Net Banking,5G,Yes,No,No,No,19-03-2026
C1131,Neha Verma,Male,58,Delhi,Delhi,38,Standard,1355.02,51859.76,One Year,Credit Card,Cable,No,No,Yes,No,28-12-2025
C1132,Mohit Arora,Male,66,UP,Kanpur,23,Basic,945.77,21763.71,One Year,Debit Card,Cable,Yes,Yes,Yes,Yes,07-02-2025
C1133,Priya Gupta,Female,19,Gujarat,Ahmedabad,42,Standard,2356.4,99074.8,Month-to-Month,Credit Card,5G,No,No,Yes,No,20-11-2025
C1134,Sneha Jain,Female,64,Maharashtra,Pune,35,Premium,2026.24,71142.4,One Year,Net Banking,Cable,Yes,Yes,No,No,01-11-2025
C1135,Rohit Kumar,Female,64,Gujarat,Ahmedabad,23,Basic,496.63,11857.49,Two Year,Debit Card,5G,No,Yes,No,No,30-06-2025
C1136,Mohit Arora,Female,29,Maharashtra,Pune,21,Basic,1515.52,32150.92,One Year,UPI,Fiber,No,No,Yes,No,14-07-2025
C1137,Priya Gupta,Female,34,Maharashtra,Mumbai,40,Premium,739.56,29567.4,One Year,UPI,5G,No,No,Yes,No,23-11-2025
C1138,Pooja Singh,Male,49,UP,Lucknow,21,Basic,499.96,10024.16,Two Year,Debit Card,Fiber,No,No,No,No,19-04-2026
C1139,Rahul Singh,Male,33,Karnataka,Bengaluru,15,Premium,1185.71,17488.65,Two Year,Credit Card,Cable,Yes,No,No,No,26-01-2026
C1140,Mohit Arora,Female,45,Delhi,Delhi,4,Premium,2476.45,9785.8,One Year,Debit Card,DSL,Yes,No,No,No,13-04-2026
C1141,Sneha Jain,Female,26,Maharashtra,Pune,46,Standard,2041.84,93587.64,One Year,UPI,5G,No,No,Yes,Yes,10-01-2026
C1142,Rahul Singh,Female,50,Gujarat,Surat,29,Premium,NULL,55925.61,Month-to-Month,Debit Card,DSL,Yes,No,No,Yes,10-07-2025
C1143,Amit Sharma,Female,24,Gujarat,Surat,27,NULL,449.9,12606.3,Two Year,Net Banking,5G,Yes,No,Yes,No,03-06-2025
C1144,Rahul Singh,Female,47,Karnataka,Mysuru,44,Premium,751.27,33091.88,Month-to-Month,Credit Card,Cable,Yes,No,No,Yes,10-04-2026
C1145,Rohit Kumar,Female,42,Karnataka,Bengaluru,NULL,Premium,764.88,33960.6,Month-to-Month,UPI,Cable,Yes,No,Yes,Yes,29-12-2025
C1146,Sneha Jain,Female,52,Karnataka,Mysuru,40,Basic,1175.88,47026.2,Two Year,UPI,5G,No,No,Yes,No,28-02-2025
C1147,Vikas Yadav,NULL,62,Delhi,NULL,42,Basic,2492.51,104747.42,Month-to-Month,Net Banking,Fiber,No,Yes,No,No,17-11-2025
C1148,Vikas Yadav,Male,59,NULL,Bengaluru,47,Basic,355.44,17130.68,Two Year,Debit Card,Cable,No,No,Yes,No,16-07-2025
C1149,Anjali Mehta,Male,65,UP,Kanpur,54,Basic,882.74,47743.96,Month-to-Month,UPI,DSL,No,Yes,No,No,06-08-2025
C1150,NULL,Female,18,Delhi,Noida,41,Premium,1194.17,49448.97,Two Year,Debit Card,DSL,No,No,Yes,No,15-02-2025
C1151,Pooja Singh,Male,56,Delhi,Noida,1,Standard,1143.84,1520.84,Two Year,Debit Card,5G,No,No,No,No,18-08-2025
C1152,Pooja Singh,Male,37,Maharashtra,Pune,45,Standard,698.68,31196.6,Two Year,Debit Card,DSL,No,No,No,No,21-09-2025
C1153,Anjali Mehta,Male,59,Delhi,Noida,37,Basic,2460.77,90763.49,Month-to-Month,Debit Card,Fiber,Yes,No,Yes,No,28-01-2026
C1154,Pooja Singh,Male,42,Karnataka,Bengaluru,30,Standard,664.63,20341.9,Two Year,Debit Card,Cable,Yes,No,Yes,No,21-03-2026
C1155,Rohit Kumar,Male,46,Gujarat,Ahmedabad,29,Basic,1042.16,30131.64,One Year,Debit Card,5G,No,No,No,Yes,05-06-2026
C1156,Mohit Arora,Female,24,UP,Kanpur,34,Basic,857.72,29539.48,Month-to-Month,Credit Card,Fiber,No,No,Yes,Yes,25-02-2025
C1157,Anjali Mehta,Male,69,Delhi,Delhi,46,Standard,1381.26,63868.96,Month-to-Month,UPI,Fiber,No,Yes,No,Yes,26-12-2025
C1158,Anjali Mehta,Female,35,Karnataka,Bengaluru,48,Premium,593.22,27997.56,Month-to-Month,UPI,Cable,Yes,No,Yes,NULL,22-02-2025
C1159,Pooja Singh,Female,39,Karnataka,Bengaluru,20,Standard,436.73,8468.6,Month-to-Month,Debit Card,5G,No,No,Yes,No,15-04-2026
C1160,NULL,Male,67,NULL,Noida,64,NULL,2306.42,NULL,Two Year,Cash,5G,No,NULL,Yes,Yes,12-02-2026
C1161,Pooja Singh,Male,30,Gujarat,Ahmedabad,35,Basic,1265.5,44319.5,Month-to-Month,NULL,Fiber,Yes,No,No,No,14-01-2025
C1162,Pooja Singh,Male,58,UP,Lucknow,72,Premium,1632.95,117730.4,Two Year,UPI,DSL,No,No,Yes,Yes,28-01-2026
C1163,Neha Verma,Male,66,Karnataka,Bengaluru,58,Standard,721.63,42088.54,Month-to-Month,Net Banking,Cable,No,Yes,No,No,22-01-2026
C1164,Rahul Singh,Female,63,Maharashtra,Pune,24,Standard,2018.76,48810.24,Two Year,Credit Card,Cable,No,Yes,No,No,02-02-2026
C1165,Rahul Singh,Male,39,Gujarat,Ahmedabad,32,Premium,1020.77,32884.64,Month-to-Month,Debit Card,Cable,No,No,Yes,Yes,08-03-2025
C1166,Rahul Singh,Female,22,Maharashtra,Mumbai,40,Basic,-1838.55,73086,One Year,Net Banking,Fiber,No,No,No,No,09-05-2026
C1167,Priya Gupta,Male,27,Karnataka,Bengaluru,54,Basic,795.71,43001.34,Month-to-Month,Cash,Fiber,Yes,No,No,No,06-09-2025
C1168,Anjali Mehta,Male,30,Maharashtra,Mumbai,59,Standard,439.4,25696.6,Month-to-Month,UPI,DSL,Yes,No,No,No,24-04-2025
C1169,Amit Sharma,Female,49,Karnataka,Mysuru,42,Premium,1986.16,83224.72,Two Year,Net Banking,Cable,Yes,No,No,No,02-01-2026
C1170,Anjali Mehta,Male,43,Gujarat,Ahmedabad,37,Premium,1872.61,69180.57,Two Year,UPI,DSL,No,No,Yes,No,13-10-2025
C1171,Rahul Singh,Female,25,Delhi,Delhi,7,Standard,1765.41,11999.87,Month-to-Month,Net Banking,Fiber,Yes,No,Yes,No,06-12-2025
C1172,Sneha Jain,Male,50,Delhi,Noida,48,Premium,2254.56,107969.88,Month-to-Month,Credit Card,Cable,No,No,Yes,Yes,03-05-2026
C1173,Pooja Singh,Female,39,UP,Lucknow,68,Basic,,24100.64,One Year,Debit Card,5G,No,No,No,No,26-10-2025
C1174,Sneha Jain,Male,21,Gujarat,Ahmedabad,23,Basic,1061.75,24827.25,Month-to-Month,Credit Card,DSL,No,No,Yes,No,24-04-2026
C1175,Pooja Singh,Female,33,Delhi,Delhi,51,Basic,2411.72,123409.72,One Year,Net Banking,DSL,Yes,No,No,No,04-08-2025
C1176,NULL,Female,20,Maharashtra,Pune,48,Premium,977.53,46708.44,Two Year,UPI,Cable,Yes,No,Yes,Yes,30-04-2025
C1177,Pooja Singh,Male,53,NULL,Ahmedabad,23,Basic,519.2,11447.6,Month-to-Month,Cash,Cable,Yes,No,No,No,09-03-2026
C1178,Vikas Yadav,Male,68,Karnataka,Mysuru,NULL,Premium,NULL,35932.36,Month-to-Month,Credit Card,Fiber,No,Yes,Yes,No,27-12-2025
C1179,Vikas Yadav,Female,56,UP,Lucknow,1,NULL,1671.92,2065.92,One Year,Cash,DSL,No,No,No,No,28-07-2025
C1180,Amit Sharma,Female,59,UP,Lucknow,30,Premium,2311.69,69325.7,One Year,UPI,Cable,,No,No,No,03-06-2025
C1181,Sneha Jain,Male,69,Maharashtra,Pune,56,Standard,1473.25,82764,Month-to-Month,Debit Card,Cable,No,Yes,Yes,Yes,27-03-2025
C1182,Rahul Singh,Male,49,Karnataka,Bengaluru,24,Premium,1193.98,28829.52,Two Year,Cash,5G,Yes,No,No,No,22-09-2025
C1183,Vikas Yadav,Male,29,Maharashtra,Mumbai,70,Premium,1389.4,97114,Month-to-Month,Debit Card,Fiber,Yes,No,No,No,21-01-2026
C1184,Rohit Kumar,Female,23,Gujarat,Surat,69,Basic,733.92,51040.48,Two Year,Credit Card,5G,Yes,No,Yes,No,24-08-2025
C1185,Mohit Arora,Female,57,Karnataka,Bengaluru,21,Standard,1688.97,35033.37,One Year,Net Banking,DSL,Yes,No,No,No,28-01-2025
C1186,Priya Gupta,Male,53,Gujarat,Ahmedabad,24,Premium,1476.3,35276.2,One Year,Net Banking,DSL,Yes,No,No,No,10-03-2026
C1187,Neha Verma,Female,51,Delhi,Noida,22,Premium,943.13,20403.86,One Year,Net Banking,Fiber,Yes,No,No,Yes,14-04-2026
C1188,Mohit Arora,Female,20,Gujarat,Surat,56,Basic,1084.04,60393.24,One Year,Cash,5G,No,No,Yes,No,22-06-2025
C1189,Rahul Singh,Male,49,Gujarat,Ahmedabad,39,Standard,1589.45,62208.55,One Year,UPI,DSL,Yes,No,Yes,No,07-05-2025
C1190,Priya Gupta,Female,48,Delhi,Delhi,62,Premium,384.58,23458.96,Two Year,Debit Card,Fiber,No,No,Yes,No,11-05-2025
C1191,Mohit Arora,Female,55,Gujarat,Surat,64,Premium,2219.21,142482.44,Two Year,Credit Card,DSL,Yes,No,Yes,No,19-03-2025
C1192,Rohit Kumar,Male,25,Delhi,Noida,17,Standard,1398.57,23438.69,Month-to-Month,Cash,Fiber,No,No,Yes,No,28-06-2026
C1193,Mohit Arora,Female,51,Maharashtra,Pune,47,Premium,1241.12,58616.64,One Year,Debit Card,Cable,No,No,No,No,13-05-2026
C1194,Sneha Jain,Female,23,Maharashtra,Mumbai,59,Premium,1547.26,91630.34,Month-to-Month,Debit Card,5G,No,No,Yes,No,08-07-2025
C1195,Vikas Yadav,Male,35,Gujarat,Surat,30,Standard,609.66,18497.8,One Year,Cash,Cable,No,No,Yes,No,18-05-2026
C1196,Rohit Kumar,Female,69,Karnataka,Mysuru,36,Standard,1605.82,57766.52,Month-to-Month,Debit Card,5G,No,Yes,Yes,No,06-10-2025
C1197,Priya Gupta,Male,50,Gujarat,Ahmedabad,56,Standard,591.37,32790.72,Month-to-Month,Credit Card,Cable,No,No,No,Yes,16-03-2026
C1198,Priya Gupta,Female,57,Gujarat ,Ahmedabad,45,Basic,1420.84,63677.8,Month-to-Month,UPI,Cable,Yes,No,Yes,No,02-03-2025
C1199,Anjali Mehta,Female,30,Gujarat,Ahmedabad,40,Basic,1372.89,54620.6,One Year,Net Banking,Fiber,No,No,Yes,No,28-08-2025
C1200,Mohit Arora,Male,34,Delhi,Delhi,20,Standard,423.54,8422.8,One Year,Cash,5G,No,No,Yes,Yes,26-11-2025
C1201,Priya Gupta,Female,44,UP,Kanpur,23,Basic,578.13,13113.99,One Year ,Credit Card,5G,Yes,No ,Yes,Yes,04-02-2025
C1202,Sneha Jain,Female,165,UP,Kanpur,60,Basic,449.41,26519.6,One Year,Cash,DSL,Yes,No,No,Yes,03-04-2025
C1203,Sneha Jain,Female,59,Gujarat ,Surat,19,Standard ,559.32,10963.08,Two Year,Debit Card,5G,Yes,No,No,No,02-11-2025
C1204,Anjali Mehta,Male,20,UP,Lucknow,19,Premium,974.22,18902.18,One Year,Net Banking,Fiber,Yes,No,No,No,07-09-2025
C1205,Mohit Arora,Male,19,UP,Kanpur,44,Premium,2228.44,98528.36,One Year,Cash,Cable,No,No,Yes,Yes,10-08-2025
C1206,Rohit Kumar,Male,56,Gujarat,Surat,27,Basic,1175.59,31825.93,Two Year,Net Banking,5G,No,No,No,No,02-05-2026
C1207,Anjali Mehta,Male,41,Gujarat,Surat,39,Basic,964.53,37881.67,Two Year,UPI,Fiber,Yes,No,Yes,No,04-04-2026
C1208,Pooja Singh,Female,41,Karnataka,Bengaluru,41,Standard,2357.51,97101.91,Month-to-Month,Net Banking,5G,No,No,No,Yes,13-02-2025
C1209,Priya Gupta,Female,30,Karnataka,Mysuru,19,Standard,1169.65,21999.35,One Year,UPI,DSL,Yes,No,No,Yes,13-08-2025
C1210,Mohit Arora,Male,69,UP,Lucknow,18,Basic,1567.32,28488.76,Two Year,Net Banking,Fiber,Yes,Yes,No,No,17-01-2025
C1211,Rahul Singh,Male,69,UP,Lucknow,16,Standard,2491.35,39646.6,Two Year,Debit Card,DSL,Yes,Yes,Yes,No,24-11-2025
C1212,Mohit Arora,Male,55,Karnataka,Bengaluru,34,Basic,902.52,30948.68,Month-to-Month,Net Banking,DSL,Yes,No,No,No,21-05-2026
C1213,Anjali Mehta,Male,59,Karnataka,Bengaluru,24,Premium,1775.86,42847.64,Month-to-Month,Debit Card,DSL,No,No,No,No,18-12-2025
C1214,Neha Verma,Male,46,Delhi,Delhi,33,Premium,1273.85,42069.05,Two Year,Debit Card,DSL,Yes,No,No,No,13-05-2026
C1215,Anjali Mehta,Male,39,Maharashtra,Pune,53,Basic,1444.62,76320.86,One Year,Cash,Cable,Yes,No,Yes,No,02-06-2025
C1216,Neha Verma,Male,27,Gujarat,Surat,16,Standard,876.5,14365,One Year,Net Banking,5G,No,No,Yes,No,11-05-2025
C1217,Rohit Kumar,Female,20,UP,Lucknow,66,Standard,-2454.77,162302.82,One Year,Debit Card,DSL,Yes,No,Yes,Yes,25-04-2026
C1218,Priya Gupta,Male,18,UP,Lucknow,1,Basic,1666.22,1714.22,One Year,Net Banking,Fiber,Yes,No,Yes,No,14-02-2025
C1219,Mohit Arora,Male,49,Gujarat,Surat,25,Standard,302.54,7495.5,One Year,UPI,DSL,No,No,No,No,29-04-2025
C1220,Rohit Kumar,Male,20,UP,Lucknow,39,Basic,1209.4,46675.6,One Year,UPI,Cable,No,No,Yes,Yes,10-06-2025
C1221,Rahul Singh,Male,64,UP,Lucknow,68,Basic,,57917.76,Two Year,Debit Card,Cable,Yes,Yes,No,No,12-10-2025
C1222,Mohit Arora,Female,62,Gujarat ,Ahmedabad,45,Premium  ,724.06,32641.7,One Year,Cash,Fiber,Yes,Yes,Yes,No,26-06-2025
C1223,Rohit Kumar,Male,40,Maharashtra,Pune,62,Standard,1841.53,113908.86,One Year,Cash,DSL,No,No,Yes,No,10-01-2025
C1224,Mohit Arora,Male,25,Karnataka,Mysuru,3,Premium,888.06,2923.18,One Year,Debit Card,5G,Yes,No,No,Yes,25-01-2026
C1225,Pooja Singh,Female,25,Gujarat,Surat,52,Standard,2062.25,107393,Month-to-Month,Net Banking,5G,No,No,Yes,No,13-05-2026
C1226,Sneha Jain,Female,35,Karnataka,Bengaluru,9,Basic,2071.81,18770.29,Month-to-Month,UPI,DSL,No,No,Yes,Yes,25-01-2026
C1227,Pooja Singh,Female,54,Karnataka,Bengaluru,67,Basic,1999.9,133851.3,Two Year,UPI,Fiber,Yes,No,No,No,18-03-2025
C1228,Anjali Mehta,Female,66,Karnataka,Mysuru,66,Standard,823.42,54227.72,One Year,Cash,DSL,No,Yes,Yes,No,31-08-2025
C1229,Amit Sharma,Female,24,Delhi,Delhi,68,Premium,2057.82,139600.76,Month-to-Month,UPI,Fiber,No,No,Yes,No,21-11-2025
C1230,Neha Verma,Male,21,Delhi,Noida,43,Basic,1545.34,66910.62,Two Year,Cash,Fiber,No,No,No,No,28-08-2025
C1231,Sneha Jain,Male,54,Delhi,Delhi,9,Premium,485.05,4607.45,Two Year,UPI,5G,No,No,Yes,Yes,06-04-2026
C1232,Rahul Singh,N/A,46,Gujarat,Ahmedabad,60,Premium,389.88,23043.8,One Year,Net Banking,Cable,No,No,Yes,No,17-06-2025
C1233,Sneha Jain,Male,52,Maharashtra,Mumbai,6,Premium,1731.3,10284.8,Month-to-Month,Debit Card,Fiber,Yes,No,No,No,04-06-2026
C1234,Rahul Singh,Male,23,Delhi,Noida,70,Premium  ,1355.07,95082.9,One Year,UPI,Cable,No,No,Yes,No,03-09-2025
C1235,Rahul Singh,Male,28,Maharashtra,Pune,18,Premium,1869.36,33356.48,Two Year,Cash,DSL,Yes,No,Yes,No,24-03-2026
C1236,Rahul Singh,Female,67,Karnataka,Bengaluru,67,Basic,2057.13,137691.71,One Year,Cash,5G,Yes,Yes,Yes,No,29-10-2025
C1237,  Rahul Singh,Male,33,  UP,Lucknow,37,Premium  ,1481.37,55080.69,Month-to-Month,,Cable,,No,Yes,Yes,23-03-2025
C1238,Mohit Arora,Female,60,Maharashtra,Pune,53,N/A,1022.84,53890.52,One Year,UPI,Cable,Yes,Yes,No,No,09-03-2026
C1239,  Amit Sharma,Female,41,UP,Kanpur,72,Standard,838.85,60109.2,One Year,Debit Card,Fiber,Yes,No,No,No,26-12-2025
C1240,Rahul Singh,Female,51,Gujarat,Surat,64,  Basic,2462.83,157703.12,Two Year,Cash,Fiber,No,No,Yes,No,20-03-2026
C1241,Anjali Mehta,Male,42,Maharashtra,Pune,12,Premium,843.02,10324.24,One Year,UPI,5G,No,No,No,No,13-01-2025
C1242,Pooja Singh,Male,25,Maharashtra,Pune,43,Standard,2177.63,93615.09,One Year,Credit Card,5G,No,No,Yes,No,08-09-2025
C1243,Mohit Arora,Male,46,Karnataka,Mysuru,49,Premium,540.86,26799.14,Month-to-Month,UPI,DSL,Yes,No,Yes,Yes,18-11-2025
C1244,Mohit Arora,Male,28,UP,Kanpur,57,Basic,742.71,42470.47,Month-to-Month,Debit Card,Cable,Yes,No,Yes,No,04-01-2025
C1245,Priya Gupta,Male,69,Maharashtra,Pune,66,Standard,990.01,65810.66,Two Year,Cash,Fiber,Yes,Yes,No,Yes,23-05-2025
C1246,Priya Gupta,Female,18,Karnataka,Mysuru,67,Basic,2458.79,164961.93,One Year,Cash,5G,Yes,No,No,No,10-04-2026
C1247,Sneha Jain,Female,28,UP,Lucknow,26,Premium,1471.57,38366.82,Month-to-Month,Debit Card,DSL,No,No,Yes,No,03-09-2025
C1248,Rohit Kumar,Male,37,Karnataka,Bengaluru,14,Basic,1662.07,23179.98,One Year,Debit Card,DSL,No,No,No,No,27-08-2025
C1249,Pooja Singh,Female,59,Delhi,Noida,63,Basic,1098.58,N/A,Month-to-Month,Net Banking,Cable,Yes,No,No,Yes,21-05-2026
C1250,Sneha Jain,Female,20,Delhi,Delhi,35,Premium,1286.2,44768,Month-to-Month,UPI,Fiber,Yes,No,Yes,No,10-06-2025
C1251,Vikas Yadav,Male,58,Gujarat,Ahmedabad,57,Premium,1019.36,57630.52,Two Year,Cash,5G,Yes,No,No,No,07-06-2025
C1252,Mohit Arora,Male,46,Karnataka,Bengaluru,58,Basic,1633.3,94512.4,NULL,Debit Card,NULL,No,NULL,Yes,No,01-02-2026
C1253,Rahul Singh,Male,28,Gujarat,Ahmedabad,56,Premium,2049.47,114695.32,Month-to-Month,Net Banking,Cable,No,No,No,No,30-11-2025
C1254,Pooja Singh,Female,51,UP,Kanpur,16,Basic,1640.67,26642.72,Month-to-Month,Net Banking,Fiber,Yes,N/A,Yes,No,22-12-2025
C1255,Mohit Arora,Female,69,Gujarat,Surat,25,Standard,1853.75,46836.75,Two Year,Credit Card,5G,No,Yes,No,No,23-03-2026
C1256,Amit Sharma,Male,68,Gujarat,Surat,63,Basic,904.32,57275.16,Month-to-Month,UPI,5G,Yes,Yes,No,No,25-03-2025
C1257,Neha Verma,Female,33,Maharashtra,Mumbai,N/A,Standard,1109.95,33390.5,Two Year,UPI,Fiber,Yes,No,Yes,No,18-09-2025
C1258,Rahul Singh,Female,50,Karnataka,Mysuru,25,Premium,446.83,11517.75,Two Year,Cash,Fiber,Yes,No,No,Yes,26-02-2026
C1259,Neha Verma,Male,28,Maharashtra,Pune,17,Standard,2218.66,38185.22,Two Year,Credit Card,DSL,No,No,Yes,No,01-09-2025
C1260,Rohit Kumar,Female,67,Maharashtra,Pune,5,Standard,1016.06,5426.3,One Year,UPI,DSL,No,Yes,Yes,No,15-06-2025
C1261,Mohit Arora,Female,37,Delhi,Noida,70,Basic,2188.4,153345,Two Year,Cash,Fiber,Yes,No,No,No,19-09-2025
C1262,Rahul Singh,Female,30,UP,Lucknow,25,Standard,2056.52,51541,Two Year,Net Banking,5G,No,No,No,No,01-01-2025
C1263,Anjali Mehta,Male,68,Maharashtra,Mumbai,25,Basic,,60679.25,Two Year,Net Banking,Cable,Yes,Yes,Yes,No,27-05-2026
C1264,Vikas Yadav,Male,18,Gujarat,Ahmedabad,61,Standard,2350.64,143547.04,Month-to-Month,Debit Card,Cable,Yes,No,No,Yes,29-08-2025
C1265,Rohit Kumar,Male,41,Delhi,Delhi,26,Premium,1800.21,47162.46,Month-to-Month,UPI,Cable,No,No,Yes,No,10-12-2025
C1266,Pooja Singh,Male,40,Maharashtra,Mumbai,15,Standard,2406.7,36033.5,One Year,Credit Card,5G,Yes,No,No,No,23-08-2025
C1267,Vikas Yadav,Male,53,UP,Lucknow,41,Premium,606.15,25271.15,One Year,Debit Card,Cable,No,No,No,No,01-09-2025
C1268,Sneha Jain,Female,38,Maharashtra,Pune,61,Premium,1154.04,70878.44,One Year,UPI,DSL,Yes,No,No,No,15-12-2025
C1269,Mohit Arora,Female,29,Maharashtra,Pune,18,Basic,517.88,8911.84,Month-to-Month,UPI,Cable,No,No,Yes,Yes,08-08-2025
C1270,Neha Verma,Male,46,Gujarat,Surat,5,Standard,2162.89,10716.45,One Year,Debit Card,5G,Yes,No,Yes,No,30-03-2026
C1271,Neha Verma,Female,60,Gujarat,Ahmedabad,34,Standard,1456.83,49942.22,Two Year,UPI,Cable,No,Yes,Yes,No,04-03-2025
C1272,Sneha Jain,Male,39,UP,Kanpur,70,Standard,859.43,59798.1,One Year,UPI,N/A,No,No,No,No,30-03-2025
C1273,Anjali Mehta,Male,20,Karnataka,Bengaluru,29,Standard,418.07,11831.03,Two Year,Debit Card,5G,No,No,No,No,17-06-2026
C1274,Amit Sharma,Male,25,Maharashtra,Mumbai,N/A,Basic,2374.54,127755.16,One Year,Debit Card,Cable,Yes,No,Yes,Yes,15-01-2025
C1275,Vikas Yadav,Female,18,Gujarat,Surat,28,Premium,1087.28,30270.84,Two Year,UPI,DSL,Yes,No,No,Yes,03-01-2025
C1276,Anjali Mehta,Male,66,Gujarat,Ahmedabad,1,Premium,2194.17,1831.17,Month-to-Month,Cash,5G,Yes,Yes,No,No,28-02-2026
C1277,Rahul Singh,Male,20,Maharashtra,Pune,69,Standard,1179.94,81134.86,One Year,Debit Card,DSL,No,No,No,No,30-03-2025
C1278,Mohit Arora,Male,26,Delhi,Noida,48,Premium,1003.9,47915.2,One Year,Credit Card,DSL,No,No,Yes,No,17-01-2025
C1279,Rahul Singh,Female,45,UP,Kanpur,68,Premium,756.57,51696.76,One Year,Net Banking,DSL,No,No,No,No,18-09-2025
C1280,Sneha Jain,Female,66,UP,Lucknow,5,Basic,379.9,1526.5,One Year,Cash,DSL,No,Yes,No,No,18-02-2026
C1281,Sneha Jain,Female,50,Karnataka,Bengaluru,44,Basic,1996.06,87592.64,Two Year,Cash,Fiber,No,No,No,No,11-03-2025
C1282,Mohit Arora,Female,30,Delhi,Noida,36,Basic,2312.01,83596.36,Month-to-Month,,DSL,No,No,No,No,11-04-2025
C1283,Vikas Yadav,Male,70,Maharashtra,Pune,59,Basic,415.54,24801.86,Two Year,UPI,5G,Yes,Yes,Yes,No,09-11-2025
C1284,Mohit Arora,Female,25,Karnataka,Mysuru,13,Basic,481.35,6547.55,Month-to-Month,Credit Card,Fiber,No,No,Yes,No,10-03-2026
C1285,Rahul Singh,Female,31,Maharashtra,Mumbai,59,Basic,1520.75,89536.25,Month-to-Month,Net Banking,Fiber,No,No,Yes,No,01-07-2025
C1286,Vikas Yadav,Female,50,Karnataka,Bengaluru,17,Basic,792.33,13944.61,Two Year,UPI,DSL,No,No,No,No,16-01-2026
C1287,Rohit Kumar,Female,53,UP,Kanpur,27,Premium,800.87,21715.49,Two Year,Credit Card,5G,No,No,Yes,Yes,21-11-2025
C1288,Pooja Singh,Female,45,Maharashtra,Mumbai,46,Standard,1310.22,60219.12,Two Year,Debit Card,DSL,Yes,No,Yes,Yes,08-04-2026
C1289,Pooja Singh,Female,59,Delhi,Noida,30,Basic,2415.77,72437.1,Two Year,Credit Card,Fiber,No,No,Yes,Yes,23-04-2025
C1290,Neha Verma,Female,57,Maharashtra,Mumbai,46,Premium,2222.91,102602.86,One Year,Net Banking,5G,No,No,No,Yes,01-02-2025
C1291,Vikas Yadav,Male,51,UP,Lucknow,35,Premium,2078.5,72661.5,Two Year,UPI,Cable,Yes,No,Yes,No,04-04-2025
C1292,Sneha Jain,Female,37,Karnataka,Bengaluru,34,Premium,327.44,11360.96,Month-to-Month,Cash,Fiber,No,No,No,No,12-03-2026
C1293,Priya Gupta,Female,22,Gujarat,Ahmedabad,40,Standard,1821.94,73069.6,Month-to-Month,Credit Card,Cable,No,No,Yes,No,10-05-2026
C1294,Neha Verma,Female,35,Gujarat,Surat,18,Premium,1628.77,29015.86,Month-to-Month,Credit Card,Cable,No,No,No,No,31-07-2025
C1295,Mohit Arora,Female,31,Gujarat,Surat,24,Premium,1184.33,28546.92,Two Year,Net Banking,5G,Yes,No,Yes,Yes,22-03-2026
C1296,Priya Gupta ,Female,55,Gujarat,Surat,21,Standard,1416.5,30024.5,Month-to-Month,Cash,DSL  ,Yes,No,No,No,30-04-2026
C1297,Amit Sharma,Male,49,Gujarat,Ahmedabad,20,Standard,459.24,9195.8,Month-to-Month,Net Banking,Cable,No,No,No,Yes,15-08-2025
C1298,Rohit Kumar,Male,36,Delhi,Delhi,70,Basic,1964.1,137400,Month-to-Month,Cash,Cable,No,No,Yes,No,16-09-2025
C1299,Mohit Arora,Male,35,Karnataka,Bengaluru,3,Basic,439.05,1276.15,One Year,Net Banking,Cable,Yes,No,Yes,No,26-03-2025
C1300,Sneha Jain,Female,63,Delhi,Delhi,42,Premium,538.26,22596.92,One Year,UPI,5G,No,Yes,No,Yes,03-10-2025
C1301,Pooja Singh,Female,27,Karnataka,Bengaluru,26,Standard,312.28,8608.28,Month-to-Month,Net Banking,5G,No,No,Yes,No,10-04-2026
C1302,Sneha Jain,Female,68,Karnataka,Mysuru,38,Premium,2045.69,77420.22,One Year,Debit Card,DSL,No,Yes,No,Yes,22-12-2025
C1303,Anjali Mehta,Male,43,Delhi,Noida,30,Standard,1836.72,55417.6,One Year,Credit Card,DSL,No,No,No,Yes,03-01-2026
C1304,Anjali Mehta,Male,65,UP,Lucknow,72,Standard,1880.09,135088.48,Two Year,Debit Card,DSL,Yes,Yes,Yes,Yes,01-01-2026
C1305,Pooja Singh,Male,66,Delhi,Noida,20,Standard,573.59,11030.8,Two Year,Net Banking,Cable,Yes,Yes,Yes,Yes,06-05-2025
C1306,Vikas Yadav,Male,N/A,Delhi,Noida,23,Premium,1908.06,44272.38,Two Year,Cash,Cable,Yes,Yes,No,No,28-03-2025
C1307,Mohit Arora,Male,21,Karnataka,Mysuru,53,Basic,1556.42,82051.26,One Year,Debit Card,5G,No,No,Yes,No,20-11-2025
C1308,Neha Verma,Male,43,Gujarat,Ahmedabad,28,Standard,2195.67,N/A,One Year,Debit Card,5G,No,No,No,No,13-01-2026
C1309,Pooja Singh,Female,56,Maharashtra,Mumbai,32,Standard,1688.42,53845.44,Two Year,Cash,Cable,No,No,Yes,No,11-01-2026
C1310,Amit Sharma,Female,51,UP,Lucknow,17,Premium,2488.2,42744.4,Month-to-Month,Cash,Fiber,N/A,No,Yes,No,14-08-2025
C1311,Neha Verma,Male,49,Karnataka,Bengaluru,21,Premium,1577.78,32955.38,One Year,UPI,Cable,No,No,Yes,No,29-11-2025
C1312,Mohit Arora,Female,46,Delhi,Delhi,18,Standard,439.05,8292.9,One Year,Cash,DSL,Yes,No,No,Yes,19-03-2026
C1313,Rahul Singh,Female,47,UP,Kanpur,46,Premium,983.4,45532.4,One Year,Net Banking,5G,No,No,No,No,13-07-2025
C1314,Priya Gupta,Male,54,UP,Lucknow,14,Premium,2236.72,31485.08,One Year,Debit Card,5G,Yes,No,Yes,No,23-04-2026
C1315,Sneha Jain,Male,37,Karnataka,Mysuru,32,Premium,1289.21,40787.72,One Year,Cash,DSL,No,No,No,No,23-11-2025
C1316,Neha Verma,Male,43,Gujarat,Ahmedabad,66,Premium,1900.65,125617.9,One Year,Net Banking,DSL,Yes,No,Yes,No,09-03-2026
C1317,Amit Sharma,Male,65,UP,Lucknow,46,Basic,1267.28,57898.88,Month-to-Month,Cash,5G,Yes,Yes,Yes,No,10-01-2026
C1318,Mohit Arora,Male,28,Maharashtra,Mumbai,31,Standard,2129.18,65855.58,Two Year,Net Banking,DSL,Yes,No,Yes,Yes,12-11-2025
C1319,Amit Sharma,Female,33,Karnataka,Mysuru,25,Premium,765.33,18866.25,One Year,Debit Card,Fiber,No,No,Yes,Yes,21-04-2026
C1320,Amit Sharma,Male,62,Karnataka,Bengaluru,40,Basic,1293.18,51840.2,One Year,Net Banking,DSL,Yes,Yes,Yes,No,17-11-2025
C1321,Pooja Singh,Male,35,Karnataka,Mysuru,3,Premium,1598.55,5158.65,Month-to-Month,UPI,DSL,Yes,No,Yes,No,03-02-2026
C1322,Neha Verma,Female,20,Gujarat,Ahmedabad,42,Standard,1121.14,47089.88,Month-to-Month,Net Banking,5G,No,No,Yes,Yes,29-01-2025
C1323,Amit Sharma,Female,61,UP,Kanpur,71,Standard,1306.8,93044.8,Month-to-Month,Credit Card,5G,No,Yes,Yes,No,24-12-2025
C1324,Priya Gupta,Female,22,Maharashtra,Mumbai,14,Premium,1813.33,25840.62,Two Year,Credit Card,5G,No,No,No,No,02-12-2025
C1325,Pooja Singh,Female,56,UP,Lucknow,55,Premium,2018.97,110813.35,Month-to-Month,Credit Card,Cable,Yes,No,Yes,Yes,26-01-2025
C1326,Priya Gupta,Female,56,Gujarat,Surat,39,Basic,622.32,23921.48,One Year,Credit Card,Fiber,Yes,No,Yes,Yes,16-05-2025
C1327,Rahul Singh,Female,24,Gujarat,Ahmedabad,1,Basic,1639.61,2088.61,Two Year,Debit Card,5G,No,No,No,No,27-06-2025
C1328,Vikas Yadav,Female,52,Karnataka,Mysuru,69,Basic,2244.78,155290.82,One Year,Credit Card,5G,Yes,No,No,No,26-02-2026
C1329,Sneha Jain,Female,24,Gujarat,Surat,23,Premium,620.87,13831.01,Month-to-Month,,Cable,No,No,No,Yes,17-05-2025
C1330,Rohit Kumar,Female,69,Gujarat,Surat,42,Premium,1854.87,78289.54,Month-to-Month,Cash,DSL,Yes,Yes,No,No,29-03-2025
C1331,Vikas Yadav,Female,41,UP,Kanpur,N/A,Standard,1380.6,63448.6,Month-to-Month,UPI,Fiber,No,No,Yes,Yes,21-10-2025
C1332,Vikas Yadav,Male,52,Gujarat,Ahmedabad,36,Standard,1982.66,71618.76,Two Year,Cash,Cable,Yes,No,Yes,Yes,30-08-2025
C1333,Priya Gupta,Male,33,Delhi,Delhi,16,Basic,2211.48,35084.68,Two Year,Net Banking,Fiber,No,No,No,No,02-08-2025
C1334,Pooja Singh,Female,37,UP,Lucknow,20,Basic,2027.13,40649.6,Month-to-Month,Credit Card,DSL,Yes,No,No,No,27-02-2025
C1335,Vikas Yadav,Female,34,Gujarat,Surat,57,Standard,1983.52,112861.64,Month-to-Month,Credit Card,DSL,No,No,No,No,18-04-2025
C1336,Sneha Jain,Male,54,UP,Lucknow,16,Standard,1495.41,24062.56,One Year,UPI,Cable,Yes,No,No,Yes,07-11-2025
C1337,Rahul Singh,Male,56,UP,Lucknow,33,Basic,623.27,20260.91,Two Year,Cash,Cable,Yes,No,No,No,28-02-2026
C1338,Sneha Jain,Female,36,Gujarat,Ahmedabad,38,Basic,1201.39,45995.82,Month-to-Month,Cash,5G,No,No,Yes,No,26-04-2026
C1339,Priya Gupta,Male,59,Delhi,Noida,62,Standard,2090.07,130063.34,Month-to-Month,Credit Card,Fiber,Yes,No,No,No,31-10-2025
C1340,Priya Gupta,Female,65,UP,Lucknow,46,Premium,1877.79,86421.34,Month-to-Month,Debit Card,5G,Yes,Yes,Yes,Yes,03-07-2025
C1341,Rohit Kumar,Male,47,UP,Kanpur,45,Standard,2366.86,106908.7,Month-to-Month,Cash,5G,No,No,Yes,No,28-01-2026
C1342,Vikas Yadav,Male,33,Gujarat,Ahmedabad,20,Standard,422.02,8606.4,One Year,Net Banking,Fiber,Yes,No,No,No,03-04-2025
C1343,Sneha Jain,Female,18,Maharashtra,Mumbai,21,Standard,1217.44,25198.24,Month-to-Month,Debit Card,DSL,No,No,Yes,No,29-04-2025
C1344,Vikas Yadav,Male,70,Maharashtra,Pune,41,Premium,1177.61,48486.01,Month-to-Month,UPI,Fiber,No,Yes,Yes,No,10-10-2025
C1345,Rahul Singh,Female,61,UP,Lucknow,56,Premium,2413.74,135294.44,One Year,UPI,Cable,No,Yes,No,No,17-05-2026
C1346,Amit Sharma,Male,54,UP,Lucknow,41,Premium,817.66,33239.06,Two Year,Credit Card,Cable,Yes,No,Yes,No,23-02-2026
C1347,Mohit Arora,Male,64,UP,Kanpur,71,Premium,736.39,51845.69,Month-to-Month,Net Banking,Fiber,No,Yes,No,No,23-07-2025
C1348,Neha Verma,Male,55,Maharashtra,Mumbai,53,Basic,2278.26,120609.78,Two Year,N/A,Cable,No,No,No,No,22-07-2025
C1349,Pooja Singh,Male,58,Karnataka,Bengaluru,46,Premium,1546.45,71291.7,Month-to-Month,Net Banking,Fiber,No,No,Yes,No,08-04-2025
C1350,Rohit Kumar,Female,23,Delhi,Noida,5,Premium,357.15,1498.75,Two Year,Net Banking,DSL,Yes,No,No,Yes,21-01-2025
C1351,N/A,Male,54,UP,Lucknow,12,Premium,687.87,8251.44,Two Year,Cash,Cable,No,No,No,No,29-01-2026
C1352,Pooja Singh,Male,45,Maharashtra,Pune,24,Standard,1162.24,28043.76,Month-to-Month,Net Banking,5G,No,No,Yes,No,25-03-2026
C1353,Rohit Kumar,Female,24,Karnataka,Bengaluru,72,Premium,1840.23,132348.56,Month-to-Month,UPI,5G,No,No,Yes,No,31-07-2025
C1354,Sneha Jain,Female,20,UP,Kanpur,19,Standard,1229.72,23435.68,Two Year,Net Banking,DSL,No,No,No,No,22-01-2026
C1355,Rahul Singh,Female,35,Karnataka,Mysuru,65,Basic,489.86,32005.9,Two Year,UPI,DSL,No,No,No,No,17-10-2025
C1356,Vikas Yadav,Female,30,Karnataka,Bengaluru,17,Basic,1564.03,26744.51,Two Year,Cash,Cable,Yes,No,No,Yes,08-08-2025
C1357,Rohit Kumar,Male,28,Gujarat,Surat,24,Premium,682.23,16836.52,Month-to-Month,Cash,Cable,No,No,No,No,12-06-2025
C1358,Anjali Mehta,Male,21,Maharashtra,Mumbai,28,Basic,1035.48,29163.44,One Year,Credit Card,Fiber,Yes,No,Yes,No,19-09-2025
C1359,Rohit Kumar,Male,52,Gujarat,Ahmedabad,4,Standard,1278.99,4706.96,Two Year,Net Banking,Cable,Yes,No,No,No,03-08-2025
C1360,Neha Verma,Male,26,Maharashtra,Mumbai,62,Basic,453.65,28198.3,Month-to-Month,Credit Card,Fiber,Yes,No,No,No,16-03-2026
C1361,Vikas Yadav,Male,57,Gujarat,Ahmedabad,60,Basic,2061.5,123659,Month-to-Month,Debit Card,DSL,No,No,Yes,No,29-05-2026
C1362,Mohit Arora,Male,30,Maharashtra,Mumbai,27,Basic,1082.87,29479.49,Two Year,Credit Card,Fiber,Yes,No,No,No,24-06-2026
C1363,Rohit Kumar,Male,46,Karnataka,Bengaluru,55,Basic,503.31,27921.05,Month-to-Month,UPI,DSL,Yes,No,No,No,23-03-2026
C1364,Rahul Singh,Female,37,Delhi,Delhi,11,Basic,513.93,5329.23,Two Year,N/A,Fiber,No,No,Yes,Yes,12-10-2025
C1365,Neha Verma,Female,57,UP,Lucknow,6,Standard,588.75,4028.5,One Year,Debit Card,Fiber,Yes,No,Yes,Yes,17-04-2025
C1366,Vikas Yadav,Male,47,Karnataka,Mysuru,7,Basic,1240.23,8256.61,Month-to-Month,Cash,Cable,No,No,No,No,19-04-2026
C1367,Mohit Arora,Female,67,Maharashtra,Mumbai,44,Basic,1774.35,78101.4,Month-to-Month,UPI,5G,No,Yes,No,No,05-07-2025
C1368,Anjali Mehta,Male,47,Maharashtra,Mumbai,22,N/A,1777.1,N/A,One Year,UPI,Cable,No,No,Yes,No,22-09-2025
C1369,Rohit Kumar,Female,21,UP,Lucknow,27,Standard,1285.78,34283.06,One Year,Cash,Fiber,No,No,No,Yes,15-01-2025
C1370,Neha Verma,Male,21,Gujarat,Ahmedabad,48,Basic,1711.37,81760.76,Month-to-Month,,Cable,Yes,No,Yes,Yes,21-10-2025
C1371,Rohit Kumar,Female,19,Delhi,Noida,33,Premium,884.55,28799.15,One Year,Net Banking,DSL,Yes,No,No,No,30-01-2025
C1372,Anjali Mehta,Male,24,Gujarat,Ahmedabad,30,Premium,2179.73,65410.9,Month-to-Month,Credit Card,Fiber,Yes,No,No,No,01-08-2025
C1373,Sneha Jain,Male,25,Maharashtra,Mumbai,39,Basic,2173.8,84530.2,Month-to-Month,Cash,DSL,Yes,No,Yes,No,07-04-2025
C1374,Rohit Kumar,Male,27,UP,Lucknow,38,Basic,553.08,20926.04,Two Year,Cash,Cable,Yes,No,Yes,No,13-01-2025
C1375,Rahul Singh,Male,49,UP,Kanpur,46,Basic,1066.75,49570.5,Month-to-Month,Credit Card,5G,No,No,Yes,Yes,22-10-2025
C1376,Neha Verma,Male,70,Delhi,Noida,68,Basic,2351.84,160242.12,Two Year,Credit Card,DSL,Yes,Yes,No,No,18-02-2025
C1377,Rahul Singh,Male,62,Karnataka,Mysuru,6,Basic,959.23,5802.38,Month-to-Month,Cash,5G,No,Yes,No,No,04-08-2025
C1378,Sneha Jain,Female,49,Gujarat,Ahmedabad,23,Standard,951.1,22119.3,One Year,Debit Card,Cable,No,No,No,No,13-05-2025
C1379,Priya Gupta,Male,23,UP,Lucknow,42,Basic,1839.66,77020.72,One Year,Debit Card,Fiber,No,No,No,No,03-02-2026
C1380,Sneha Jain,Female,34,Maharashtra,Mumbai,42,Basic,1681.74,70355.08,Month-to-Month,Debit Card,Cable,No,No,No,No,06-01-2026
C1381,Neha Verma,Female,58,Karnataka,Mysuru,48,Basic,1585.66,75841.68,Two Year,Cash,Fiber,No,No,No,Yes,24-12-2025
C1382,Rahul Singh,Female,45,Karnataka,Bengaluru,31,Premium,1166.87,36025.97,Month-to-Month,Credit Card,5G,No,No,No,No,N/A
C1383,Mohit Arora,Female,68,Gujarat,Surat,58,Premium,1255.25,72803.5,Two Year,UPI,5G,No,Yes,No,No,10-02-2025
C1384,Sneha Jain,Male,68,Maharashtra,Pune,9,Standard,990.45,8982.05,Month-to-Month,UPI,Fiber,No,Yes,No,No,25-06-2026
C1385,Priya Gupta,Male,59,UP,Kanpur,12,Premium,805.21,10129.52,One Year,Debit Card,DSL,No,No,Yes,No,20-11-2025
C1386,Rahul Singh,Male,28,Gujarat,Surat,5,Premium,913.49,4141.45,Two Year,Net Banking,DSL,No,No,Yes,No,14-04-2025
C1387,Rahul Singh,Female,37,Gujarat,Surat,40,Standard,1237.37,49381.8,Two Year,Net Banking,Cable,Yes,No,Yes,No,28-04-2025
C1388,Vikas Yadav,Female,57,Maharashtra,Pune,60,Standard,630,37939,Two Year,Cash,Fiber,No,No,No,No,16-05-2026
C1389,Amit Sharma,Female,63,Karnataka,Bengaluru,16,Standard,1601.82,25847.12,Month-to-Month,Net Banking,Cable,No,Yes,No,No,03-05-2026
C1390,Anjali Mehta,Female,44,Gujarat,Surat,64,Premium,1409.92,89815.88,One Year,Net Banking,5G,No,No,No,No,18-01-2025
C1391,Pooja Singh,Male,43,Maharashtra,Mumbai,41,Premium,1604.45,66098.45,Month-to-Month,Debit Card,DSL,Yes,No,No,Yes,05-10-2025
C1392,Mohit Arora,Male,49,Delhi,Delhi,44,Premium,2450.76,108224.44,Month-to-Month,Cash,Cable,Yes,No,Yes,No,10-02-2026
C1393,Vikas Yadav,Male,36,Karnataka,Mysuru,1,Basic,2093.42,1966.42,One Year,Credit Card,Fiber,No,No,Yes,No,24-04-2026
C1394,Mohit Arora,Male,46,Delhi,Delhi,67,Premium,582.28,39052.76,One Year,Cash,Cable,No,No,No,No,23-03-2025
C1395,Anjali Mehta,Female,62,Delhi,Delhi,4,Premium,1729.61,6813.44,Two Year,UPI,5G,No,Yes,Yes,No,20-05-2025
C1396,Mohit Arora,Female,27,UP,Lucknow,41,Premium,1169.01,48281.41,Two Year,Net Banking,DSL,Yes,No,Yes,No,19-07-2025
C1397,Vikas Yadav,Male,34,Delhi,Delhi,33,Premium,1176.2,38543.6,Month-to-Month,UPI,DSL,No,No,No,No,25-06-2026
C1398,Neha Verma,Male,37,Karnataka,Bengaluru,27,Basic,2130.92,57576.84,Two Year,Credit Card,Fiber,No,No,No,Yes,12-11-2025
C1399,Neha Verma,Female,35,Karnataka,Mysuru,20,Premium,1011.73,19898.6,Month-to-Month,Net Banking,DSL,No,No,Yes,No,24-08-2025
C1400,Anjali Mehta,Female,43,Maharashtra,Pune,N/A,Basic,377.24,23440.12,Two Year,N/A,DSL,Yes,No,No,No,20-05-2025
C1401,Pooja Singh,Male,61,Karnataka,Mysuru,51,Basic,864.54,44075.54,One Year,Cash,Cable,Yes,Yes,No,No,15-11-2025
C1402,Vikas Yadav,Male,56,UP,Lucknow,9,Standard,337.27,2723.43,Two Year,Cash,5G,Yes,No,No,No,29-05-2025
C1403,Neha Verma,Female,69,Delhi,Noida,1,Premium,1311.78,1116.78,One Year,Credit Card,5G,Yes,Yes,No,No,15-02-2026
C1404,Priya Gupta,Male,29,Karnataka,Bengaluru,55,Standard,681.92,37411.6,Two Year,Net Banking,Cable,Yes,No,Yes,No,25-03-2026
C1405,Neha Verma,Female,54,Delhi,Delhi,55,Basic,2404.45,132201.75,One Year,Net Banking,Cable,Yes,No,No,No,01-02-2025
C1406,Rahul Singh,Female,28,Gujarat,Surat,46,Premium,2048.65,94269.9,Two Year,Credit Card,Cable,Yes,No,No,Yes,23-03-2025
C1407,Vikas Yadav,Female,44,Maharashtra,Mumbai,50,Basic,2394.5,119698,Month-to-Month,Cash,DSL,Yes,No,No,No,15-03-2026
C1408,Vikas Yadav,Male,59,Karnataka,Mysuru,56,Premium,2010.84,112584.04,One Year,Cash,DSL,No,No,Yes,No,03-06-2026
C1409,Pooja Singh,Female,48,Karnataka,Mysuru,18,Premium,473.7,8687.6,Month-to-Month,Cash,Fiber,No,No,Yes,No,20-02-2026
C1410,Anjali Mehta,Female,54,UP,Kanpur,3,Premium,2417.64,6833.92,Two Year,Net Banking,Cable,Yes,No,No,No,31-12-2025
C1411,Priya Gupta,Male,52,Maharashtra,Mumbai,6,Basic,2318.66,14104.96,Month-to-Month,UPI,DSL,No,No,Yes,No,19-04-2026
C1412,Amit Sharma,Female,41,Maharashtra,Pune,41,Standard,1608.86,66145.26,Two Year,Net Banking,Fiber,No,No,Yes,Yes,10-01-2026
C1413,Pooja Singh,Female,38,Delhi,Noida,28,Basic,1244.12,34736.36,Month-to-Month,Debit Card,5G,Yes,No,Yes,No,11-11-2025
C1414,Rohit Kumar,Male,22,UP,Kanpur,26,Standard,1435.33,37799.58,Two Year,Debit Card,5G,No,No,Yes,Yes,13-04-2026
C1415,Sneha Jain,Female,25,Karnataka,Bengaluru,43,Basic,1727.98,74606.14,Two Year,Cash,Fiber,Yes,No,No,No,06-06-2025
C1416,Rohit Kumar,Male,38,UP,Kanpur,43,Standard,1839.61,79453.23,Two Year,UPI,5G,Yes,No,Yes,Yes,02-11-2025
C1417,Neha Verma,Male,39,Karnataka,Bengaluru,27,Premium,2433.78,65600.06,Two Year,Net Banking,5G,No,No,No,Yes,07-09-2025
C1418,Amit Sharma,Female,66,Gujarat,Ahmedabad,43,Basic,2132.05,91950.15,Month-to-Month,Net Banking,DSL,No,Yes,No,No,18-07-2025
C1419,Amit Sharma,Male,63,Delhi,Noida,18,Standard,1391.93,25357.74,Month-to-Month,Credit Card,N/A,No,Yes,Yes,Yes,13-03-2025
C1420,Mohit Arora,Female,58,N/A,Surat,5,Basic,N/A,6605.8,One Year,UPI,DSL,Yes,No,Yes,No,02-11-2025
C1421,Pooja Singh,Male,31,Karnataka,Mysuru,39,Premium,494.12,19544.68,One Year,Net Banking,DSL,No,No,Yes,No,29-12-2025
C1422,Mohit Arora,Female,26,Karnataka,Bengaluru,67,Premium,543.02,36214.34,One Year,UPI,Cable,No,No,Yes,Yes,10-11-2025
C1423,Neha Verma,Female,24,Karnataka,Bengaluru,71,Basic,1718.77,121754.67,One Year,Credit Card,Fiber,No,No,No,No,05-11-2025
C1424,Anjali Mehta,Female,39,Karnataka,Mysuru,11,Basic,2180.79,24062.69,Month-to-Month,UPI,Cable,Yes,No,Yes,No,19-01-2026
C1425,Neha Verma,Female,44,Gujarat,Surat,6,Standard,484.01,2707.06,One Year,Cash,Fiber,No,No,Yes,No,18-04-2025
C1426,Sneha Jain,Female,35,Maharashtra,Pune,11,Basic,474.09,5092.99,Two Year,Debit Card,Cable,Yes,No,Yes,No,14-07-2025
C1427,Sneha Jain,Female,40,UP,Lucknow,69,Premium,1165.28,79953.32,One Year,Net Banking,Cable,No,No,Yes,Yes,20-11-2025
C1428,Rahul Singh,Male,43,Maharashtra,Mumbai,7,Premium,457.39,3538.73,Two Year,Cash,5G,No,No,Yes,No,21-10-2025
C1429,Sneha Jain,Female,61,Karnataka,Bengaluru,42,Premium,1959.7,82695.4,Two Year,Credit Card,DSL,No,Yes,No,No,08-06-2025
C1430,Priya Gupta,Male,40,UP,Kanpur,54,Basic,1279.31,69293.74,Month-to-Month,Credit Card,5G,No,No,Yes,No,01-02-2026
C1431,Pooja Singh,Female,38,Karnataka,Mysuru,40,Standard,2483.32,99454.8,Month-to-Month,UPI,DSL,No,No,Yes,Yes,01-01-2025
C1432,Pooja Singh,Male,64,Karnataka,Bengaluru,2,Standard,323.06,354.12,Month-to-Month,Debit Card,DSL,Yes,N/A,No,Yes,16-06-2026
C1433,Mohit Arora,Male,63,Karnataka,Bengaluru,13,Standard,2226.22,28583.86,Two Year,Cash,Cable,No,Yes,Yes,No,22-01-2026
C1434,Rohit Kumar,Female,22,Gujarat,Ahmedabad,52,Standard,580.08,30608.16,One Year,Net Banking,Cable,Yes,No,No,No,03-12-2025
C1435,Rahul Singh,Male,64,Karnataka,Bengaluru,2,Premium,835.44,2020.88,Two Year,Net Banking,5G,No,Yes,No,No,18-04-2026
C1436,Rohit Kumar,Male,67,Maharashtra,Mumbai,1,Standard,379.7,772.7,Month-to-Month,N/A,Fiber,Yes,Yes,No,No,29-05-2025
C1437,Sneha Jain,Female,56,UP,N/A,2,Premium,873.54,1712.08,Month-to-Month,,5G,No,No,No,No,02-05-2025
C1438,Mohit Arora,Male,63,Karnataka,Mysuru,51,Standard,1181.01,60528.51,One Year,Cash,Fiber,Yes,Yes,Yes,No,12-07-2025
C1439,Neha Verma,Female,29,Gujarat,Surat,15,Standard,956.3,14816.5,One Year,Debit Card,DSL,Yes,No,No,No,26-11-2025
C1440,Sneha Jain,Male,26,Delhi,Noida,4,Standard,311.28,1074.12,Two Year,Credit Card,Fiber,Yes,No,No,No,08-08-2025
C1441,Neha Verma,Female,61,Gujarat,Ahmedabad,54,Premium,1346.15,72635.1,Two Year,UPI,Fiber,Yes,Yes,Yes,No,06-03-2026
C1442,Pooja Singh,Male,65,Delhi,Noida,47,Basic,607.65,28112.55,One Year,Debit Card,Fiber,No,Yes,Yes,Yes,07-06-2025
C1443,Anjali Mehta,Male,68,Karnataka,Bengaluru,16,Basic,406.8,6326.8,One Year,Debit Card,5G,Yes,Yes,Yes,Yes,15-04-2026
C1444,Neha Verma,Male,29,Karnataka,Mysuru,47,Premium,953.53,44956.91,Month-to-Month,Credit Card,Cable,Yes,No,Yes,No,03-02-2025
C1445,Pooja Singh,Female,67,UP,Kanpur,6,Standard,2316.66,13414.96,One Year,UPI,Fiber,No,Yes,No,Yes,03-04-2025
C1446,Pooja Singh,Female,18,Delhi,Noida,25,Standard,1682.62,42416.5,Two Year,Debit Card,Fiber,No,No,Yes,No,08-11-2025
C1447,Pooja Singh,Female,66,Gujarat,Surat,19,Premium,1755.3,33260.7,Two Year,Credit Card,5G,No,Yes,Yes,No,27-05-2025
C1448,Pooja Singh,Female,32,Karnataka,Mysuru,67,Premium,1628.87,109324.29,Two Year,UPI,Fiber,No,No,Yes,Yes,24-02-2026
C1449,Rohit Kumar,Female,45,Karnataka,Mysuru,6,Premium,2172.02,13151.12,Two Year,Credit Card,Fiber,Yes,No,Yes,No,16-10-2025
C1450,Rohit Kumar,Male,53,Maharashtra,Pune,10,Basic,714.58,7573.8,One Year,Debit Card,N/A,No,No,No,No,17-01-2026
C1451,Pooja Singh,Male,31,Gujarat,Surat,34,Standard,2375.12,80446.08,Two Year,Debit Card,Fiber,No,No,No,No,19-02-2026
C1452,Priya Gupta,Female,62,Karnataka,Mysuru,23,Premium,1719.93,39193.39,Month-to-Month,Credit Card,5G,Yes,Yes,Yes,Yes,29-12-2025
C1453,Rahul Singh,Male,61,Karnataka,Mysuru,21,Standard,1845.97,38340.37,Two Year,Cash,5G,No,Yes,Yes,Yes,11-10-2025
C1454,Rahul Singh,Female,31,Karnataka,Bengaluru,58,Premium,2098.53,121647.74,One Year,Net Banking,Fiber,No,No,No,No,29-06-2025
C1455,Priya Gupta,Male,53,Delhi,Noida,61,Standard,428.89,25871.29,Month-to-Month,Debit Card,DSL,Yes,No,Yes,No,24-03-2025
C1456,Amit Sharma,N/A,47,Karnataka,Bengaluru,24,Premium,1752.46,41573.04,Two Year,Net Banking,DSL,No,No,Yes,No,24-04-2025
C1457,Anjali Mehta,Female,42,UP,Kanpur,29,Basic,-904.51,-25767.79,Month-to-Month,Net Banking,Cable,Yes,No,Yes,No,19-06-2026
C1458,Mohit Arora,Male,21,UP,Lucknow,70,Basic,1784.96,125120.2,Month-to-Month,Net Banking,Fiber,No,No,No,No,04-04-2025
C1459,Vikas Yadav,Female,48,Karnataka,Mysuru,72,Basic,521.31,37818.32,Month-to-Month,Cash,Fiber,Yes,No,No,No,18-02-2025
C1460,Mohit Arora,Female,39,Gujarat,Surat,25,Premium,2391.71,59781.75,Two Year,Credit Card,5G,Yes,No,No,No,12-05-2025
C1461,Amit Sharma,Female,57,UP,Kanpur,69,Basic,510.01,35546.69,Month-to-Month,UPI,5G,No,No,Yes,No,31-05-2026
C1462,Sneha Jain,Female,19,Maharashtra,Pune,48,Standard,1623.23,78061.04,One Year,Net Banking,Fiber,No,No,No,No,11-06-2025
C1463,Mohit Arora,Male,39,Karnataka,Bengaluru,2,Basic,676.97,993.94,Month-to-Month,Net Banking,Fiber,No,No,Yes,No,28-10-2025
C1464,Rohit Kumar,Male,25,Delhi,Delhi,17,Standard,2408.78,40952.26,Month-to-Month,UPI,5G,No,No,No,No,21-06-2026
C1465,Anjali Mehta,Female,35,UP,Lucknow,43,Premium,1870.35,80328.05,Two Year,Cash,5G,No,No,No,No,28-02-2026
C1466,Vikas Yadav,Female,64,Delhi,Noida,27,Standard,2232.77,60267.79,Month-to-Month,Credit Card,Cable,No,Yes,No,No,14-11-2025
C1467,Amit Sharma,Female,18,Maharashtra,Mumbai,12,Standard,1627.51,19480.12,One Year,Net Banking,Cable,Yes,No,No,No,26-09-2025
C1468,Anjali Mehta,Female,34,Karnataka,Mysuru,9,Premium,1830.06,16872.54,Two Year,UPI,Cable,No,No,No,Yes,30-05-2026
C1469,Vikas Yadav,Male,43,Karnataka,Mysuru,27,Basic,1628.11,43534.97,One Year,UPI,DSL,Yes,No,No,No,21-02-2026
C1470,Mohit Arora,Female,59,UP,Lucknow,10,Premium,1944.19,19169.9,Two Year,Cash,DSL,Yes,No,Yes,Yes,24-04-2026
C1471,Sneha Jain,Male,41,UP,Lucknow,35,Standard,1927.08,67686.8,One Year,N/A,Cable,Yes,No,No,Yes,29-05-2026
C1472,Vikas Yadav,Female,44,Maharashtra,Mumbai,26,Standard,1996.15,51762.9,Month-to-Month,UPI,5G,No,No,No,No,04-05-2026
C1473,Sneha Jain,Female,36,N/A,Surat,49,Basic,2485.13,121892.37,Two Year,Credit Card,DSL,Yes,No,Yes,No,31-01-2026
C1474,Anjali Mehta,Female,45,Karnataka,Mysuru,19,Standard,1078.76,20106.44,Month-to-Month,Net Banking,Fiber,No,N/A,No,No,11-11-2025
C1475,Pooja Singh,Male,47,Delhi,Delhi,25,Standard,607.53,15038.25,One Year,Credit Card,5G,No,No,Yes,No,15-07-2025
C1476,Anjali Mehta,Male,39,Delhi,Delhi,65,Standard,1168.56,75647.4,One Year,Net Banking,5G,Yes,No,Yes,No,30-10-2025
C1477,Pooja Singh,Female,54,Gujarat,Surat,65,Premium,324.25,20679.25,One Year,Cash,Cable,No,No,Yes,No,06-05-2026
C1478,Amit Sharma,Female,21,Gujarat,Ahmedabad,14,Standard,683.44,9774.16,Two Year,UPI,Fiber,Yes,No,No,Yes,06-06-2025
C1479,Amit Sharma,Female,40,UP,Lucknow,45,Basic,1681.38,75709.1,Month-to-Month,Net Banking,5G,No,No,No,No,28-12-2025
C1480,Vikas Yadav,Female,44,Delhi,Delhi,54,Premium,722.14,39351.56,Month-to-Month,Credit Card,DSL,Yes,No,No,No,28-02-2026
C1481,Priya Gupta,Female,53,Delhi,Delhi,38,Standard,1264.67,48510.46,One Year,Cash,Cable,Yes,No,Yes,No,16-02-2026
C1482,Vikas Yadav,Male,47,Gujarat,Surat,70,Basic,1036.78,72857.6,One Year,Debit Card,Cable,Yes,No,No,Yes,13-12-2025
C1483,Mohit Arora,Male,59,Gujarat,Ahmedabad,3,Premium,567.03,1282.09,One Year,Credit Card,5G,Yes,No,No,Yes,18-12-2025
C1484,Rohit Kumar,Male,61,UP,Lucknow,31,Standard,379.33,11644.23,One Year,Debit Card,Cable,Yes,Yes,Yes,No,21-04-2026
C1485,Sneha Jain,Female,65,Maharashtra,Pune,4,Premium,1192.59,4683.36,Month-to-Month,Net Banking,Cable,Yes,Yes,Yes,No,26-03-2025
C1486,Rahul Singh,Female,45,Gujarat,Surat,6,Basic,667.02,4336.12,One Year,Cash,Cable,Yes,No,Yes,No,06-06-2025
C1487,Vikas Yadav,Male,43,Delhi,Delhi,65,Basic,438.94,28945.1,Month-to-Month,UPI,Cable,Yes,No,Yes,No,15-04-2025
C1488,Rohit Kumar,Male,19,Maharashtra,Pune,68,Basic,624.76,42272.68,One Year,Cash,Fiber,Yes,No,No,No,11-02-2025
C1489,Rohit Kumar,Female,67,Delhi,Delhi,66,Basic,777.7,50894.2,Month-to-Month,Credit Card,DSL,No,Yes,No,No,31-08-2025
C1490,Rahul Singh,Male,48,Gujarat,Surat,10,Standard,1244.97,12274.7,Month-to-Month,Debit Card,Fiber,No,No,Yes,No,27-02-2026
C1491,Vikas Yadav,Male,19,Delhi,Delhi,16,Standard,333.55,5620.8,Two Year,UPI,Fiber,No,No,No,Yes,12-11-2025
C1492,Priya Gupta,Female,51,Gujarat,Ahmedabad,43,Standard,2296.06,99135.58,Two Year,Debit Card,5G,Yes,No,Yes,Yes,10-12-2025
C1493,Rohit Kumar,Female,38,Maharashtra,Mumbai,29,Premium,1737.19,50030.51,Month-to-Month,UPI,Fiber,No,No,Yes,No,22-09-2025
C1494,Rahul Singh,Male,18,Karnataka,Mysuru,48,Standard,2065.89,99156.72,One Year,Debit Card,5G,No,No,No,No,19-03-2025
C1495,Rohit Kumar,Female,20,Maharashtra,Pune,19,Standard,679.62,12768.78,One Year,Credit Card,5G,No,No,Yes,No,30-09-2025
C1496,Rohit Kumar,Female,67,Delhi,Delhi,24,Premium,2090.22,50146.28,One Year,UPI,5G,No,Yes,Yes,No,30-05-2025
C1497,Anjali Mehta,Male,22,Gujarat,Surat,2,Standard,1824.86,3963.72,One Year,Credit Card,5G,No,No,Yes,No,27-06-2025
C1498,Rahul Singh,Male,42,Gujarat,Ahmedabad,5,Premium,2291.52,11145.6,One Year,Net Banking,Fiber,Yes,No,No,Yes,30-09-2025
C1499,Neha Verma,Male,53,Maharashtra,Mumbai,49,Basic,1576.96,77378.04,Month-to-Month,Credit Card,DSL,Yes,No,Yes,No,23-07-2025
C1500,Vikas Yadav,Male,69,Delhi,Noida,55,Standard,762.97,41542.35,Month-to-Month,Debit Card,Fiber,Yes,Yes,Yes,No,30-01-2026
C1501,Priya Gupta,Male,34,Gujarat,Ahmedabad,32,Premium,832.04,26207.28,Two Year,Cash,Fiber,Yes,No,No,Yes,02-03-2025
C1502,Pooja Singh,Female,22,UP,Kanpur,57,Premium,1247.24,70970.68,Two Year,UPI,5G,Yes,No,Yes,No,29-04-2026
C1503,Neha Verma,Male,32,Delhi,Delhi,54,Standard,1114.49,60134.46,One Year,UPI,Cable,Yes,No,No,Yes,03-03-2025
C1504,Neha Verma,Male,45,Maharashtra,Mumbai,17,Premium,344.08,5617.36,Two Year,Cash,DSL,No,No,Yes,No,18-01-2026
C1505,Priya Gupta,Male,60,UP,Kanpur,48,Premium,1410.18,67658.64,Two Year,Debit Card,DSL,No,Yes,Yes,No,13-02-2025
C1506,Vikas Yadav,Female,39,Karnataka,Bengaluru,15,Standard,1534.53,23099.95,Two Year,Debit Card,Fiber,No,No,No,No,08-10-2025
C1507,Priya Gupta,Male,70,Delhi,Delhi,40,Premium,1810.71,72093.4,Two Year,Debit Card,Fiber,N/A,Yes,No,No,02-02-2025
C1508,Pooja Singh,Female,65,Karnataka,Mysuru,22,Basic,1885.7,41437.4,Month-to-Month,Net Banking,DSL,No,Yes,Yes,No,21-06-2025
C1509,Rahul Singh,Male,26,N/A,Surat,38,Basic,759.7,29247.6,Two Year,Credit Card,DSL,Yes,No,No,No,02-01-2026
C1510,Anjali Mehta,Female,70,Gujarat,Surat,48,Standard,336.89,16646.72,One Year,Credit Card,Cable,No,Yes,No,No,28-08-2025
C1511,Pooja Singh,Female,49,UP,Lucknow,53,Standard,1106.12,58209.36,One Year,Cash,5G,Yes,No,Yes,No,07-10-2025
C1512,Vikas Yadav,Female,44,Delhi,Noida,26,Standard,404.38,10820.88,One Year,Debit Card,Cable,No,No,Yes,No,25-01-2025
C1513,Amit Sharma,Female,41,Delhi,Delhi,66,Basic,2491.79,164476.14,Month-to-Month,Debit Card,Fiber,Yes,No,No,N/A,06-03-2025
C1514,Rahul Singh,Female,61,Delhi,Noida,46,Premium,556.13,25813.98,One Year,UPI,Cable,N/A,Yes,Yes,No,31-01-2025
C1515,Sneha Jain,Female,36,Gujarat,Ahmedabad,7,Standard,791.07,5794.49,Month-to-Month,Debit Card,5G,Yes,No,Yes,Yes,16-02-2025
C1516,Amit Sharma,Male,48,Delhi,Delhi,17,Standard,1775.49,29818.33,Two Year,Credit Card,5G,Yes,No,Yes,No,29-05-2026
C1517,Amit Sharma,Female,67,Karnataka,Mysuru,56,Standard,1008.21,56357.76,One Year,Credit Card,5G,No,Yes,Yes,Yes,18-08-2025
C1518,Vikas Yadav,Male,47,Maharashtra,Pune,1,Premium,2473.81,2618.81,One Year,Cash,N/A,No,No,N/A,Yes,N/A
C1519,N/A,Male,52,Karnataka,Bengaluru,39,Premium,718.22,27823.58,Month-to-Month,N/A,Fiber,Yes,No,Yes,No,11-02-2025
C1520,Pooja Singh,Male,69,UP,Lucknow,N/A,Premium,687.44,N/A,Month-to-Month,Debit Card,Fiber,Yes,Yes,Yes,No,21-11-2025
C1521,Mohit Arora,N/A,54,N/A,Bengaluru,1,N/A,N/A,1705.68,N/A,Net Banking,Fiber,Yes,No,Yes,N/A,10-01-2025
C1522,Mohit Arora,Female,49,UP,Kanpur,43,Premium,2140.6,92290.8,Month-to-Month,Net Banking,DSL,N/A,N/A,Yes,Yes,15-08-2025
C1523,Sneha Jain,Male,36,Karnataka,Bengaluru,27,Standard,2436.13,65686.51,One Year,Debit Card,DSL,Yes,No,No,No,23-03-2025
C1018,Anikta Sharma,Female,41,Gujarat,Ahmedabad,48,Premium,2328.32,111299.36,Month-to-Month,Net Banking,Fiber,Yes,No,Yes,No,04-06-2025
C1518,Vikas Yadav,Male,47,Maharashtra,Pune,1,Premium,2473.81,2618.81,One Year,Cash,N/A,No,No,N/A,Yes,N/A
C1519,N/A,Male,52,Karnataka,Bengaluru,39,Premium,718.22,27823.58,Month-to-Month,N/A,Fiber,Yes,No,Yes,No,11-02-2025
C1520,Pooja Singh,Male,69,UP,Lucknow,N/A,Premium,687.44,N/A,Month-to-Month,Debit Card,Fiber,Yes,Yes,Yes,No,21-11-2025
C1521,Mohit Arora,N/A,54,N/A,Bengaluru,1,N/A,N/A,1705.68,N/A,Net Banking,Fiber,Yes,No,Yes,N/A,10-01-2025
C1522,Mohit Arora,Female,49,UP,Kanpur,43,Premium,2140.6,92290.8,Month-to-Month,Net Banking,DSL,N/A,N/A,Yes,Yes,15-08-2025
C1523,Sneha Jain,Male,36,Karnataka,Bengaluru,27,Standard,2436.13,65686.51,One Year,Debit Card,DSL,Yes,No,No,No,23-03-2025
C1018,Anikta Sharma,Female,41,Gujarat,Ahmedabad,48,Premium,2328.32,111299.36,Month-to-Month,Net Banking,Fiber,Yes,No,Yes,No,04-06-2025
C2001,Abhishek Jaiswal,Female,35,Maharashtra,Pune,58,basic,1614.26,93273.08,One Year,UPI,Fiber,Yes,No,Yes,No,12-10-2025
C5001,Nitin Mishra,Male,,Delhi,Noida,36,Premium,429.6,15858.6,Two Year,Cash,DSL,Yes,Yes,No,No,05-03-2026
C5002,Pooja Singh,Female,42,UP,Kanpur,13,Basic,555.03,6869.39,Month-to-Month,Debit Card,5G,No,No,No,Yes,20-02-2026
C5003,NULL,Male,59,Karnataka,Bengaluru,55,Standard,,101349.1,Two Year,UPI,5G,No,No,Yes,No,07-06-2026
C5004,Mohit Arora, male ,26,Gujarat,Ahmedabad,6,Premium,314.02,1926.12,One Year,Debit Card,Cable,Yes,No,No,No,02-04-2026
C5005,Sneha Jain,Female,115,Gujarat,Surat,1,NULL,1633.64,1707.64,Two Year,Debit Card,Cable,No,No,Yes,No,13-03-2026
C5006,Neha Verma,Female,18,Delhi ,Noida,70,Standard,2008.83,140376.1,Month-to-Month,UPI,DSL,Yes,No,No,No,26-12-2025
C5007,Vikas Yadav,Male,61,Delhi, ,57,Basic,2196.18,125145.26,One Year,Cash,Cable,Yes,Yes,Yes,No,14-01-2025
C5008,Mohit Arora,Male,45,Gujarat,Ahmedabad,63,BASIC,1200,75799.15,Two Year,NULL,Fiber,Yes,No,No,No,28-02-2025
C5009,Rahul Singh,Male,25,UP,Kanpur,30,Basic,1341.52,NULL,Month-to-Month,Credit Card,Cable,No,No,Yes,No,29-11-2025
